{"iter time": 4248.897401332855, "_timestamp": 1680273798.0801578, "_runtime": 4293.50971865654, "_step": 115, "evaluation score": -0.954446387472134, "_wandb": {"runtime": 4292}}