{"iter time": 8.015859603881836, "_timestamp": 1680390343.797417, "_runtime": 1976.5859718322754, "_step": 61, "evaluation score": -0.9881333161845989, "_wandb": {"runtime": 1976}}