{"iter time": 2325.5102138519287, "_timestamp": 1680345484.2783792, "_runtime": 2336.921501159668, "_step": 119, "evaluation score": -0.9308694062383094, "_wandb": {"runtime": 2336}}