{"evaluation score": 16.607677817344666, "_timestamp": 1680119479.19364, "_runtime": 23127.840251922607, "_step": 177, "_wandb": {"runtime": 23127}}