{"evaluation score": 22.12865698337555, "_timestamp": 1680191955.5556114, "_runtime": 26190.254022359848, "_step": 177, "_wandb": {"runtime": 26189}}