{"iter time": 580.664758682251, "_timestamp": 1680342318.5378346, "_runtime": 582.4571795463562, "_step": 119, "evaluation score": -0.9677426159803919, "_wandb": {"runtime": 581}}