{"iter time": 82.00685405731201, "_timestamp": 1680392919.9134362, "_runtime": 83.40152025222778, "_step": 39, "evaluation score": -1.0012732637347572, "_wandb": {"runtime": 82}}