{"evaluation score": 2.571077346801758, "_timestamp": 1680086389.9801602, "_runtime": 34.79847311973572, "_step": 1, "_wandb": {"runtime": 38}}