{"iter time": 1954.1205990314484, "_timestamp": 1680286263.5023096, "_runtime": 1958.571796655655, "_step": 119, "evaluation score": -1.0136838145827185, "_wandb": {"runtime": 1958}}