{"iter time": 4314.847833633423, "_timestamp": 1680293052.6172, "_runtime": 4364.1674699783325, "_step": 119, "evaluation score": -0.9414269799515639, "_wandb": {"runtime": 4363}}