{"evaluation score": 1.8904736042022705, "_timestamp": 1679958315.7734756, "_runtime": 1999.655039548874, "_step": 57, "_wandb": {"runtime": 1999}}