{"iter time": 2070.9952590465546, "_timestamp": 1680257787.5925179, "_runtime": 2076.43146276474, "_step": 115, "evaluation score": -0.9911279974765604, "_wandb": {"runtime": 2075}}