{"iter time": 2339.696856021881, "_timestamp": 1680303754.1582112, "_runtime": 2350.9467442035675, "_step": 119, "evaluation score": -1.0532706595049228, "_wandb": {"runtime": 2350}}