{"iter time": 13.496269702911377, "_timestamp": 1680377450.6712008, "_runtime": 3631.804228782654, "_step": 121, "evaluation score": -0.34809638551348776, "_wandb": {"runtime": 3631}}