{"iter time": 932.9252150058746, "_timestamp": 1681401277.6953204, "_runtime": 938.8135983943939, "_step": 53, "evaluation score": -0.915441588577454, "_wandb": {"runtime": 951}}