{"evaluation score": -1.009802151042758, "_timestamp": 1679948508.0611856, "_runtime": 390.3526165485382, "_step": 7, "_wandb": {"runtime": 389}}