{"evaluation score": -3.4321954250335693, "_timestamp": 1679955400.995803, "_runtime": 1776.118957042694, "_step": 39, "_wandb": {"runtime": 1819}}