{"evaluation score": 1.645656943321228, "_timestamp": 1679960110.351864, "_runtime": 790.4052720069885, "_step": 59, "_wandb": {"runtime": 789}}