{"iter time": 2795.366225719452, "_timestamp": 1680357167.1943882, "_runtime": 2814.7473752498627, "_step": 119, "evaluation score": -0.11183821718995672, "_wandb": {"runtime": 2814}}