{"iter time": 2714.2626962661743, "_timestamp": 1680268265.0699308, "_runtime": 2716.0157957077026, "_step": 119, "evaluation score": -0.8893702044426989, "_wandb": {"runtime": 2715}}