{"iter time": 195.5249264240265, "_timestamp": 1680278736.0611558, "_runtime": 228.91487073898315, "_step": 3, "evaluation score": -0.24010323747658935, "_wandb": {"runtime": 229}}