{"iter time": 1982.4569602012634, "_timestamp": 1680288456.5545778, "_runtime": 1987.588856935501, "_step": 119, "evaluation score": -0.9713046827282218, "_wandb": {"runtime": 1987}}