{"evaluation score": 3.3433605432510376, "_timestamp": 1680020714.2177188, "_runtime": 4477.20382976532, "_step": 177, "_wandb": {"runtime": 4476}}