{"iter time": 251.97451734542847, "_timestamp": 1680351810.9167562, "_runtime": 253.59895515441895, "_step": 119, "evaluation score": -0.6600918875961732, "_wandb": {"runtime": 253}}