{"evaluation score": 2.8355798721313477, "_timestamp": 1680090200.709178, "_runtime": 3570.5310549736023, "_step": 179, "_wandb": {"runtime": 3569}}