{"iter time": 2379.5343277454376, "_timestamp": 1680278356.5488634, "_runtime": 2381.360536336899, "_step": 119, "evaluation score": -1.0119124826375012, "_wandb": {"runtime": 2380}}