{"evaluation score": 2.5415223836898804, "_timestamp": 1680095727.1645615, "_runtime": 5450.1762154102325, "_step": 177, "_wandb": {"runtime": 5449}}