{"iter time": 4484.029313325882, "_timestamp": 1680262576.9934878, "_runtime": 4530.110847949982, "_step": 115, "evaluation score": -1.1643427972804805, "_wandb": {"runtime": 4529}}