{"evaluation score": -0.8088851501960626, "_timestamp": 1679953536.9430625, "_runtime": 1466.6428725719452, "_step": 59, "_wandb": {"runtime": 1466}}