{"iter time": 2091.0369839668274, "_timestamp": 1681403429.4133213, "_runtime": 2096.2546021938324, "_step": 119, "evaluation score": -1.059439105670216, "_wandb": {"runtime": 2095}}