{"evaluation score": -0.9899391059950434, "_timestamp": 1679947724.9710293, "_runtime": 223.3375973701477, "_step": 9, "_wandb": {"runtime": 222}}