{"iter time": 329.9041392803192, "_timestamp": 1680333654.11236, "_runtime": 331.3675870895386, "_step": 119, "evaluation score": -1.0349784604521919, "_wandb": {"runtime": 330}}