{"evaluation score": 20.886241793632507, "_timestamp": 1680141741.988154, "_runtime": 21992.769053936005, "_step": 179, "_wandb": {"runtime": 21992}}