{"iter time": 4284.344989538193, "_timestamp": 1680297547.8590617, "_runtime": 4330.906171798706, "_step": 119, "evaluation score": -0.9997800204357657, "_wandb": {"runtime": 4330}}