{"evaluation score": -0.9584167484846753, "_timestamp": 1679952025.351948, "_runtime": 2617.177134990692, "_step": 57, "_wandb": {"runtime": 2616}}