{"iter time": 16.176236867904663, "_timestamp": 1680432226.159591, "_runtime": 18.003180027008057, "_step": 5, "evaluation score": -0.8989362488427585, "_wandb": {"runtime": 17}}