{"evaluation score": 3.3866127729415894, "_timestamp": 1680026809.0610986, "_runtime": 2406.8437156677246, "_step": 179, "_wandb": {"runtime": 2406}}