{"iter time": 592.0634815692902, "_timestamp": 1680350538.6342869, "_runtime": 593.5283658504486, "_step": 119, "evaluation score": -1.0198129502458122, "_wandb": {"runtime": 592}}