{"iter time": 2077.7991659641266, "_timestamp": 1680309534.4470692, "_runtime": 2085.209284067154, "_step": 119, "evaluation score": -0.9898997800967448, "_wandb": {"runtime": 2084}}