{"iter time": 4192.467217922211, "_timestamp": 1680349785.1184802, "_runtime": 4203.848841190338, "_step": 239, "evaluation score": -1.0522491362507933, "_wandb": {"runtime": 4203}}