{"evaluation score": -0.9822639512242743, "_timestamp": 1679947454.32685, "_runtime": 81.06093883514404, "_step": 2, "_wandb": {"runtime": 80}}