{"iter time": 578.702173948288, "_timestamp": 1680342970.9648094, "_runtime": 589.1630854606628, "_step": 31, "evaluation score": -1.037064358501339, "_wandb": {"runtime": 625}}