{"iter time": 3725.5060687065125, "_timestamp": 1680361078.8443873, "_runtime": 3733.5170483589172, "_step": 239, "evaluation score": -0.3415530766480091, "_wandb": {"runtime": 3732}}