{"iter time": 2344.3511629104614, "_timestamp": 1680300679.872124, "_runtime": 2355.423122882843, "_step": 119, "evaluation score": -1.0244923367951628, "_wandb": {"runtime": 2354}}